<?xml version="1.0" encoding="UTF-8" standalone="yes"?>
<addon id="repository.4SmartTVKodi" name="4SmartTVKodi's Repo" version="1.0" provider-name="4SmartTVKodi">
	<extension point="xbmc.addon.repository" name="4SmartTVBox's Repo">
		<info compressed="false">https://raw.githubusercontent.com/4smarttv/repositoryKodi/master/addons.xml</info>
		<checksum>https://raw.githubusercontent.com/4smarttv/repositoryKodi/master/addons.xml.md5</checksum>
		<datadir zip="true">https://raw.githubusercontent.com/4smarttv/repositoryKodi/master/</datadir>
<!--
		<datadir zip="true">http://4SmartTVBox.com/RepositoryInstall/</datadir>
-->
	</extension>
	<extension point="xbmc.addon.metadata">
		<summary>Install 4SmartTVKodi Addons</summary>
		<description>4SmartTVKodi repo</description>
		<disclaimer></disclaimer>
		<platform>all</platform>
	</extension>
</addon>
